audit_type,source_record_key,source,source_job_id,job_title_raw,company_name,role_family,skill_key,skill_name,evidence_source,matched_aliases,detected_skill_count,detected_skills,evidence_excerpt,manual_decision,correct_skill_or_action,review_notes,job_url,,,,,
Potentially Ambiguous Match,himalayas::https://himalayas.app/companies/astreya/jobs/data-analyst-iii-5133988972,Himalayas,https://himalayas.app/companies/astreya/jobs/data-analyst-iii-5133988972,Data Analyst III,Astreya,Data Analyst,dashboarding,Dashboarding,description_text,dashboards,,,"ing creating and modifying macros, writing complex joins, build datasets for reporting and analysis,as well as creating dashboards using SQL coding Experience using Google PLX Dashboards and UI Insights Excellent written communication skills High level of attention to detail Advanced Google Sheets skills to i",Correct,No Change,"Dashboarding is explicitly required through dashboard creation, Google PLX Dashboards, reporting, and data visualization. Other skills in the description are evaluated as separate job-skill relationships.",https://himalayas.app/companies/astreya/jobs/data-analyst-iii-5133988972,,,,,
Potentially Ambiguous Match,himalayas::https://himalayas.app/companies/marktine-technology-solutions-pvt-ltd/jobs/power-bi-developer,Himalayas,https://himalayas.app/companies/marktine-technology-solutions-pvt-ltd/jobs/power-bi-developer,Power BI Developer,Marktine Technology Solutions Pvt Ltd,BI Developer,dashboarding,Dashboarding,description_text,dashboards,,,"Category: Technology Location: Responsibilities: Development of Power BI datasets, data flows, dashboards and reports. Work with users and IT to understand requirements, propose solutions and take through to implementation Maintenance of existing Power BI environment Testing activitie",Correct,No Change,Dashboarding is mentioned multiple times thorughout the requirements. Along side dataset creation and management of the dashboard.,https://himalayas.app/companies/marktine-technology-solutions-pvt-ltd/jobs/power-bi-developer,,,,,
Potentially Ambiguous Match,himalayas::https://himalayas.app/companies/hire-hangar/jobs/data-analyst-4779782823,Himalayas,https://himalayas.app/companies/hire-hangar/jobs/data-analyst-4779782823,Data Analyst,Hire Hangar,Data Analyst,data_visualization,Data Visualization,description_text,data visualization|visualization,,,"2+ years of experience in a data or analytics role Proficient in SQL and Excel; Python or R is a plus Familiarity with data visualization tools (e.g., Power BI, Tableau, Looker) Strong analytical mindset with attention to detail Comfortable communicating insights to technical and non-technical stakeholders We connec",Correct,No Change,"Data Visualization is explicitly required through familiarity with visualization tools such as Power BI, Tableau, and Looker, as well as developing dashboards and reports.",https://himalayas.app/companies/hire-hangar/jobs/data-analyst-4779782823,,,,,
Potentially Ambiguous Match,himalayas::https://himalayas.app/companies/talent-sam/jobs/data-analyst,Himalayas,https://himalayas.app/companies/talent-sam/jobs/data-analyst,Data Analyst,Talent Sam,Data Analyst,data_visualization,Data Visualization,description_text,data visualization|visualization,,,"in SQL for querying and analyzing data. Advanced experience with Microsoft Excel and/or Google Sheets. Experience with data visualization tools such as Power BI, Tableau, Looker Studio, or similar. Strong analytical, critical thinking, and problem-solving skills. Experience creating dashboards, reports, and performa",Correct,No Change,"Data Visualization is explicitly required through familiarity with visualization tools such as Power BI, Tableau, and Looker, as well as developing dashboards and reports.",https://himalayas.app/companies/talent-sam/jobs/data-analyst,,,,,
Potentially Ambiguous Match,himalayas::https://himalayas.app/companies/bmo/jobs/senior-reporting-analyst,Himalayas,https://himalayas.app/companies/bmo/jobs/senior-reporting-analyst,Senior Reporting Analyst,BMO,Reporting Analyst,communication,Communication,description_text,communication skills|written communication,,,oblem Solving. Intermediate level of proficiency: Insights design. Insights development and reporting. Verbal & written communication skills. Collaboration & team skills. Analytical and problem solving skills. Data driven decision making. Typically between 4 - 6 years of relevant experience and post-secondary degree in,Correct,No Change,"Communication is explicitly required through verbal and written communication skills, stakeholder management, and presenting insights to technical and non-technical audiences.",https://himalayas.app/companies/bmo/jobs/senior-reporting-analyst,,,,,
Potentially Ambiguous Match,himalayas::https://himalayas.app/companies/sarnova/jobs/data-analyst-cardio-partners-remote,Himalayas,https://himalayas.app/companies/sarnova/jobs/data-analyst-cardio-partners-remote,Data Analyst - Cardio Partners - Remote,Sarnova,Data Analyst,communication,Communication,description_text,communication skills,,,"with attention to detail Ability to manage multiple priorities and meet deadlines in a fast-paced environment Excellent communication skills for working with technical and non-technical stakeholders Experience with customer implementation projects (data migration, onboarding) preferred Familiarity with ETL tools, APIs,",Unverified,No action — listing unavailable,"The job listing could not be accessed, and the available excerpt was insufficient to verify whether the skill match was correct.",https://himalayas.app/companies/sarnova/jobs/data-analyst-cardio-partners-remote,,,,,
Potentially Ambiguous Match,himalayas::https://himalayas.app/companies/sarnova/jobs/data-analyst-cardio-partners-remote,Himalayas,https://himalayas.app/companies/sarnova/jobs/data-analyst-cardio-partners-remote,Data Analyst - Cardio Partners - Remote,Sarnova,Data Analyst,problem_solving,Problem Solving,description_text,problem-solving,,,"ta modeling, DAX, dashboard design) Experience with web platform administration and configuration Strong analytical and problem-solving skills with attention to detail Ability to manage multiple priorities and meet deadlines in a fast-paced environment Excellent communication skills for working with technical and",Unverified,No action — listing unavailable,"The job listing could not be accessed, and the available excerpt was insufficient to verify whether the skill match was correct.",https://himalayas.app/companies/sarnova/jobs/data-analyst-cardio-partners-remote,,,,,
Potentially Ambiguous Match,himalayas::https://himalayas.app/companies/nextgen-invent-corporation/jobs/senior-data-engineer,Himalayas,https://himalayas.app/companies/nextgen-invent-corporation/jobs/senior-data-engineer,Senior Data Engineer,Nextgen Invent Corporation,Data Engineer,problem_solving,Problem Solving,description_text,problem-solving,,,". Experience working with cloud-based data platforms and services (AWS or Azure) is preferred. Excellent analytical and problem-solving skills. Strong communication and stakeholder management capabilities. Preferred Skills Experience with AWS data services such as S3, Glue, EMR, Athena, Lambda, or Kinesis Experien",Correct,No Change,"Problem Solving is explicitly required through strong analytical and problem-solving skills, troubleshooting pipeline issues, root-cause analysis, and resolving data-related technical problems.",https://himalayas.app/companies/nextgen-invent-corporation/jobs/senior-data-engineer,,,,,
Potentially Ambiguous Match,himalayas::https://himalayas.app/companies/vericast/jobs/senior-data-analyst-marketing-analytics-digital-insights,Himalayas,https://himalayas.app/companies/vericast/jobs/senior-data-analyst-marketing-analytics-digital-insights,Senior Data Analyst - Marketing Analytics & Digital Insights,Vericast,Data Analyst,business_acumen,Business Acumen,description_text,business acumen,,,"e marketing effectiveness and business growth for financial institutions. This role combines analytical excellence with business acumen to optimize marketing investments, enhance digital customer experiences, and inform data-driven decision-making across the organization. As a key member of our team, you'll work a",Correct,No Change,"Business Acumen is explicitly required because the role combines analytics with business judgment to optimize marketing investments, improve customer experiences, and support organization-wide strategic decisions.",https://himalayas.app/companies/vericast/jobs/senior-data-analyst-marketing-analytics-digital-insights,,,,,
Potentially Ambiguous Match,himalayas::https://himalayas.app/companies/compass-group-usa/jobs/senior-power-bi-developer-remote-tx-us-remote,Himalayas,https://himalayas.app/companies/compass-group-usa/jobs/senior-power-bi-developer-remote-tx-us-remote,"SENIOR POWER BI DEVELOPER- (REMOTE, TX, US, REMOTE)",Compass Group USA,BI Developer,business_acumen,Business Acumen,description_text,business acumen,,,"h data-driven decision-making. The ideal candidate combines advanced Power BI development expertise, strong SQL skills, business acumen, and a passion for building impactful analytical solutions. Key Responsibilities Design, develop, and maintain enterprise-level Power BI dashboards, reports, datasets, and semanti",Unverified,No action — listing unavailable,"The job listing could not be accessed, and the available excerpt was insufficient to verify whether the skill match was correct.",https://himalayas.app/companies/compass-group-usa/jobs/senior-power-bi-developer-remote-tx-us-remote,,,,,
Potentially Ambiguous Match,himalayas::https://himalayas.app/companies/busigence-technologies/jobs/fresher-data-science-engineer,Himalayas,https://himalayas.app/companies/busigence-technologies/jobs/fresher-data-science-engineer,Fresher - Data Science Engineer,Busigence Technologies,Data Scientist,apis,APIs,description_text,API,,,s 6.Developed algorithms in Python3 7.Confidence to learn PySpark3 within a month? https://spark.apache.org/docs/latest/api/python/getting_started/index.html (we shall guide but won't spoon-feed) =========================================== We are offering one of the most challenging & exciting work on,False Positive,Strip URLs before skill matching,"API was detected only inside an Apache Spark documentation URL. The posting does not require API development, REST APIs, or API integration, so this relationship should be removed.",S,,,,,
Potentially Ambiguous Match,himalayas::https://himalayas.app/companies/wellsky/jobs/data-engineer,Himalayas,https://himalayas.app/companies/wellsky/jobs/data-engineer,Data Engineer,WellSky,Data Engineer,apis,APIs,description_text,APIs,,,"a warehousing needs. Ensure solutions are scalable and high-performance. Integrate data from various sources, including APIs, flat files, databases, and other external systems, into cloud-based data solutions. Manage ETL processes to ensure smooth data flow across systems. Apply best practices in dimens",Unverified,No action — listing unavailable,"The job listing could not be accessed, and the available excerpt was insufficient to verify whether the skill match was correct.",https://himalayas.app/companies/wellsky/jobs/data-engineer,,,,,
Potentially Ambiguous Match,himalayas::https://himalayas.app/companies/compass-group-usa/jobs/senior-power-bi-developer-remote-tx-us-remote,Himalayas,https://himalayas.app/companies/compass-group-usa/jobs/senior-power-bi-developer-remote-tx-us-remote,"SENIOR POWER BI DEVELOPER- (REMOTE, TX, US, REMOTE)",Compass Group USA,BI Developer,microsoft_fabric,Microsoft Fabric,description_text,Fabric|Microsoft Fabric,,,"ferred Qualifications Experience working with SAP ERP systems and related reporting environments. Exposure to Microsoft Fabric, Azure, Snowflake, or other modern analytics platforms. Microsoft Power BI Certification (PL-300) preferred. Experience supporting Finance, FP&A, Accounting, Supply Chain, Procure",Unverified,No action — listing unavailable,"The job listing could not be accessed, and the available excerpt was insufficient to verify whether the skill match was correct.",https://himalayas.app/companies/compass-group-usa/jobs/senior-power-bi-developer-remote-tx-us-remote,,,,,
Potentially Ambiguous Match,himalayas::https://himalayas.app/companies/concentrix/jobs/bi-developer,Himalayas,https://himalayas.app/companies/concentrix/jobs/bi-developer,BI developer,Concentrix,BI Developer,microsoft_fabric,Microsoft Fabric,description_text,Fabric|Microsoft Fabric,,,"lated field. Microsoft Power BI Certification (PL-300) preferred. Certifications in Azure Data Engineering or Microsoft Fabric are an advantage. Disclaimer: - 'Neither Concentrix nor any authorized 3rd party who assist with our recruitment process, ever ask candidates for ‘recruitment’, ‘processing’ or an",Unverified,No action — listing unavailable,"The job listing could not be accessed, and the available excerpt was insufficient to verify whether the skill match was correct.",https://himalayas.app/companies/concentrix/jobs/bi-developer,,,,,
Potentially Ambiguous Match,himalayas::https://himalayas.app/companies/general-dynamics-information-technology/jobs/data-analyst,Himalayas,https://himalayas.app/companies/general-dynamics-information-technology/jobs/data-analyst,Data Analyst,General Dynamics Information Technology,Data Analyst,statistics,Statistics,description_text,statistics,,,"ualified applicants should meet the following criteria: Education : An advanced degree in I/O Psychology, Data Science, Statistics, Business Administration or a related field. Prior relevant work experience may be substituted for the advanced degree requirement, Experience : 3+ years of human capital (or comp",Unverified,No action — listing unavailable,"The job listing could not be accessed, and the available excerpt was insufficient to verify whether the skill match was correct.",https://himalayas.app/companies/general-dynamics-information-technology/jobs/data-analyst,,,,,
Potentially Ambiguous Match,himalayas::https://himalayas.app/companies/porch-group/jobs/insurance-data-analyst,Himalayas,https://himalayas.app/companies/porch-group/jobs/insurance-data-analyst,Insurance Data Analyst,Porch Group,Data Analyst,statistics,Statistics,description_text,statistics,,,"and opportunities. What You Will Bring As An Insurance Data Analyst Bachelor’s degree in Business, Finance, Economics, Statistics, Actuarial Science, or a related field. 3+ years of professional experience, including 1+ years in personal lines insurance in data analysis, actuarial, product analytics, or rela",False Positive,Refine Statistics matching to ignore education-only mentions,"Statistics was detected only as an acceptable degree subject. The posting does not explicitly require statistical analysis, statistical modeling, hypothesis testing, or another applied statistics skill, so this relationship should be removed.",https://himalayas.app/companies/porch-group/jobs/insurance-data-analyst,,,,,
Potentially Ambiguous Match,himalayas::https://himalayas.app/companies/mission-lane/jobs/senior-data-scientist-credit,Himalayas,https://himalayas.app/companies/mission-lane/jobs/senior-data-scientist-credit,"Senior Data Scientist, Credit",Mission Lane,Data Scientist,machine_learning,Machine Learning,description_text,machine learning,,,". Sound like a mission you can get behind? About the Role As a Senior Data Scientist, you will innovate and improve the machine learning models we rely on to make billions of dollars of efficient and accurate decisions and to enable financial progress for our customers. As a Senior Data Scientist, you’ll: Collabora",Correct,No action — listing unavailable,"Machine Learning is explicitly central to the role through developing, deploying, managing, and evaluating supervised learning models, building predictive models, and delivering production ML solutions.",https://himalayas.app/companies/mission-lane/jobs/senior-data-scientist-credit,,,,,
Potentially Ambiguous Match,remotive::2091047,Remotive,2091047,Online Data Analyst Canada,TELUS Digital,Data Analyst,machine_learning,Machine Learning,description_text,machine learning,,,"and localize content to build better AI models. Become part of our growing community and make an impact supporting the machine learning models of some of the world’s largest brands. Qualification path No previous professional experience is required to apply to this role, however, working on this project will requi",False Positive,Require competency-based context for Machine Learning,"Machine Learning is mentioned only as the broader purpose of the project and the models supported by the company. The applicant is not required to build, train, deploy, or analyze machine-learning models, so this job-skill relationship should be removed.",https://remotive.com/remote-jobs/all-others/online-data-analyst-canada-2091047,,,,,
Potentially Ambiguous Match,himalayas::https://himalayas.app/companies/twilio/jobs/staff-analytics-engineer-860576308,Himalayas,https://himalayas.app/companies/twilio/jobs/staff-analytics-engineer-860576308,"Staff, Analytics Engineer",Twilio,Analytics Engineer,data_quality,Data Quality,description_text,data quality,,,"d reconcile critical business metrics, ensuring company-wide data alignment. Proven track record of implementing robust data quality and testing frameworks, including expertise with dbt tests, CI/CD, and data observability. Strong technical communication and mentorship skills, with the ability to convey complex",Unverified,No action — listing unavailable,"The job listing could not be accessed, and the available excerpt was insufficient to verify whether the skill match was correct.",https://himalayas.app/companies/twilio/jobs/staff-analytics-engineer-860576308,,,,,
Potentially Ambiguous Match,himalayas::https://himalayas.app/companies/motive/jobs/senior-analyst-strategic-analytics-7955189282,Himalayas,https://himalayas.app/companies/motive/jobs/senior-analyst-strategic-analytics-7955189282,"Senior Analyst, Strategic Analytics",Motive,Data Analyst,data_quality,Data Quality,description_text,data quality,,,"nd priorities shift Experience working in messy data environments where you have had to establish definitions, validate data quality, and build from the ground up Strong Nice-to-Haves: Experience with hardware + software combination products (IoT, fleet technology, consumer electronics, or similar) and how COGS",Correct,No Change,"Data Quality is explicitly relevant because the role requires validating data quality, establishing reliable datasets, and creating dependable analytical frameworks in messy data environments.",https://himalayas.app/companies/motive/jobs/senior-analyst-strategic-analytics-7955189282,,,,,
High Detected Skill Count,himalayas::https://himalayas.app/companies/gradera-inc/jobs/data-scientist,Himalayas,https://himalayas.app/companies/gradera-inc/jobs/data-scientist,Data Scientist,Gradera Inc.,Data Scientist,,,,,19,A/B Testing|Amazon Redshift|Apache Airflow|Apache Spark|AWS|Dashboarding|Data Quality|Data Warehousing|Databricks|Machine Learning|Microsoft Azure|NumPy|pandas|Python|scikit-learn|Snowflake|SQL|SQL Server|Statistics,"About Gradera Gradera is an AI‑Native Services firm pioneering Software‑Orchestrated Services™ —a new enterprise transformation model where software orchestrates human expertise, digital workers, and enterprise systems to deliver governed, scalable outcomes. We help enterprises move beyond fragmente",Needs Alias Refinement,Review Apache Airflow and Apache Spark matches,"post detected skills are correct, but the complete posting should be checked to confirm the Apache Airflow and Apache Spark relationships.",https://himalayas.app/companies/gradera-inc/jobs/data-scientist,,,,,
High Detected Skill Count,himalayas::https://himalayas.app/companies/nextgen-invent-corporation/jobs/senior-data-engineer,Himalayas,https://himalayas.app/companies/nextgen-invent-corporation/jobs/senior-data-engineer,Senior Data Engineer,Nextgen Invent Corporation,Data Engineer,,,,,18,Amazon Redshift|Apache Airflow|Apache Spark|AWS|CI/CD|Data Governance|Data Modeling|Data Quality|Data Warehousing|Databricks|ETL / ELT|Git|Microsoft Azure|Problem Solving|Python|Snowflake|SQL|Stakeholder Management,"Senior Data Engineer Experience: 6+ Years Location: WFH / Remote (India) Open Positions: Multiple Qualification: B.Tech / M.Tech / MCA orequivalent Work Timings: 1:30 PM IST – 10:30 PM IST Functional Area: Data Engineering About the Role Weare seeking an experienced Senior Data Engineer to design, d",Correct,No Change,"The high skill count is justified by the posting. It explicitly requires or references Python, Spark/PySpark, Airflow, Redshift, SQL, ETL/ELT, data pipelines, data modeling, data warehousing, data quality, governance, AWS/Azure, Snowflake, Databricks, Git/CI-CD, stakeholder collaboration, and troubleshooting/root-cause analysis.",https://himalayas.app/companies/nextgen-invent-corporation/jobs/senior-data-engineer,,,,,
High Detected Skill Count,himalayas::https://himalayas.app/companies/ab-inbev/jobs/senior-data-analyst,Himalayas,https://himalayas.app/companies/ab-inbev/jobs/senior-data-analyst,Senior Data Analyst,AB InBev,Data Analyst,,,,,17,A/B Testing|Apache Spark|CI/CD|Dashboarding|Data Modeling|Data Quality|Data Visualization|Databricks|DAX|Git|Microsoft Azure|Power BI|Problem Solving|Python|SQL|Stakeholder Management|Statistics,"About us AB InBev is the leading global brewer and one of the world’s top 5 consumer product companies. With over 500 beer brands, we’re number one or two in many of the world’s top beer markets, including North America, Latin America, Europe, Asia, and Africa. About AB InBev Growth Group Created in",Correct,No Change,"The high skill count is justified by the broad BI, analytics, and analytics-engineering scope. Power BI, Azure Databricks, SQL, Python, Spark/PySpark, DAX, data modeling, statistics, dashboarding, visualization, data quality, Git/CI-CD, stakeholder collaboration, and problem solving are supported. However, the generic term ""experimentation"" may be too broad to automatically imply A/B Testing and should be reviewed as an alias.",https://himalayas.app/companies/ab-inbev/jobs/senior-data-analyst,,,,,
High Detected Skill Count,himalayas::https://himalayas.app/companies/parsons-corporation/jobs/data-engineer-9355376827,Himalayas,https://himalayas.app/companies/parsons-corporation/jobs/data-engineer-9355376827,Data Engineer,Parsons Corporation,Data Engineer,,,,,17,Apache Spark|APIs|AWS|Communication|Data Governance|Data Modeling|Data Quality|Docker|ETL / ELT|Kubernetes|Machine Learning|Microsoft Azure|MySQL|PostgreSQL|Problem Solving|Python|SQL,"In a world of possibilities, pursue one with endless opportunities. Imagine Next!At Parsons, you can imagine a career where you thrive, work with exceptional people, and be yourself. Guided by our leadership vision of valuing people, embracing agility, and fostering growth, we cultivate an innovativ",Unverified,No action — listing unavailable,"The job listing could not be accessed, and the available excerpt was insufficient to verify whether the skill match was correct.",https://himalayas.app/companies/parsons-corporation/jobs/data-engineer-9355376827,,,,,
High Detected Skill Count,himalayas::https://himalayas.app/companies/packback/jobs/analytics-engineering,Himalayas,https://himalayas.app/companies/packback/jobs/analytics-engineering,Analytics Engineering,Packback,Analytics Engineer,,,,,17,Amazon Redshift|Apache Airflow|BigQuery|Business Acumen|CI/CD|Dashboarding|Data Modeling|Data Visualization|Data Warehousing|dbt|Looker|Power BI|Python|Snowflake|SQL|Statistics|Tableau,"Packback is an AI-powered learning platform that helps students write, think, and engage more deeply by transforming every assignment into an active, curiosity-driven learning experience. We are looking for an Analytics Engineer to support our mission to awaken and fuel the lifelong curiosity in eve",Unverified,No action — listing unavailable,"The job listing could not be accessed, and the available excerpt was insufficient to verify whether the skill match was correct.",https://himalayas.app/companies/packback/jobs/analytics-engineering,,,,,
High Detected Skill Count,himalayas::https://himalayas.app/companies/tractian/jobs/analytics-engineer,Himalayas,https://himalayas.app/companies/tractian/jobs/analytics-engineer,Analytics Engineer,Tractian,Analytics Engineer,,,,,17,Amazon Redshift|Apache Airflow|AWS|Communication|Dashboarding|Data Modeling|Data Quality|Data Warehousing|dbt|ETL / ELT|Looker|PostgreSQL|Power BI|Python|SQL|Statistics|Tableau,"Analytics at TRACTIAN The Analytics team is responsible for building and maintaining from the data pipelines until the dashboards that feed up our customers and internal data products with relevant and actionable information. This department ensures reliable, trustworthy and meaningful data, merging",Needs Alias Refinement,Remove Statistics match when mentioned only as an education/degree field,"16 of the 17 detected skills are supported by the responsibilities and requirements. Statistics appears only as an acceptable degree field and is not explicitly required as an applied analytical skill, so that relationship should be removed through education-context filtering.",https://himalayas.app/companies/tractian/jobs/analytics-engineer,,,,,
High Detected Skill Count,himalayas::https://himalayas.app/companies/heliocampus/jobs/data-scientist-i-5014260375,Himalayas,https://himalayas.app/companies/heliocampus/jobs/data-scientist-i-5014260375,Data Scientist I,HelioCampus,Data Scientist,,,,,17,Amazon Redshift|Apache Airflow|Communication|Dashboarding|Data Visualization|Data Warehousing|Docker|Forecasting|Git|Machine Learning|pandas|Power BI|Python|scikit-learn|SQL|Statistics|Tableau,"Who We Are: HelioCampus was founded with the purpose of helping college & university leaders navigate today’s growing pressures. As one of EdTech’s most steadily growing companies, our roots in higher ed ground us in the critical nature of this work. What We Do:We help our clients navigate today’s h",Correct,No Change,"The high skill count is justified by the role's broad data science scope. The posting explicitly requires statistical analysis, machine learning, forecasting/time-series work, Python, scikit-learn, SQL, BI/visualization tools, dashboards, data pipelines, and related engineering/platform tools including Airflow, Redshift, Docker, Git, and pandas.",https://himalayas.app/companies/heliocampus/jobs/data-scientist-i-5014260375,,,,,
High Detected Skill Count,himalayas::https://himalayas.app/companies/nxtthing-rpo/jobs/junior-reporting-analytics-specialist,Himalayas,https://himalayas.app/companies/nxtthing-rpo/jobs/junior-reporting-analytics-specialist,Junior Reporting & Analytics Specialist,NXTThing RPO,Other Analytics,,,,,17,AWS|Communication|Dashboarding|Data Governance|Data Visualization|Data Warehousing|ETL / ELT|Excel|Google Cloud|Looker|Microsoft Azure|Power BI|Problem Solving|Python|SQL|Statistics|Tableau,"About Us: At NXTThing, we’re redefining the future of talent acquisition. We believe hiring is both an art and a science, and we’re building a new approach that combines innovative technology, data-driven insights, and the human expertise needed to transform how companies attract, engage, and hire t",Needs Alias Refinement,Remove Statistics match when mentioned only as an education/degree field,"Most of the high detected skill count is supported by the role. Statistics, however, appears only as an acceptable bachelor's degree field and is not explicitly required as an applied skill. Apply education-context filtering so this Statistics relationship is removed.",https://himalayas.app/companies/nxtthing-rpo/jobs/junior-reporting-analytics-specialist,,,,,
High Detected Skill Count,himalayas::https://himalayas.app/companies/concentrix/jobs/bi-developer,Himalayas,https://himalayas.app/companies/concentrix/jobs/bi-developer,BI developer,Concentrix,BI Developer,,,,,16,Dashboarding|Data Governance|Data Modeling|Data Quality|Data Visualization|DAX|ETL / ELT|Forecasting|Microsoft Azure|Microsoft Fabric|Power BI|Power Query|Problem Solving|Snowflake|SQL|Stakeholder Management,"Job Title: BI developer Job Description Concentrix is a technology-enabled global business services company specializing in customer engagement and improving business performance. We partner with ambitious, progressive executives around the world to future-proof their business and stay ahead of the ",Unverified,No action — listing unavailable,"The job listing could not be accessed, and the available excerpt was insufficient to verify whether the skill match was correct.",https://himalayas.app/companies/concentrix/jobs/bi-developer,,,,,
High Detected Skill Count,himalayas::https://himalayas.app/companies/rtx/jobs/analytics-engineer,Himalayas,https://himalayas.app/companies/rtx/jobs/analytics-engineer,Analytics Engineer,RTX,Analytics Engineer,,,,,16,APIs|CI/CD|Data Modeling|Data Visualization|Databricks|ETL / ELT|Excel|Git|Matillion|pandas|Power BI|Python|Snowflake|SQL|Statistics|Tableau,"Date Posted: 2026-07-15 Country: United States of America Location: US-FL-REMOTE Position Role Type: Remote U.S. Citizen, U.S. Person, or Immigration Status Requirements: U.S. citizenship is required, as only U.S. citizens are authorized to access information under this program/contract. Security Cl",Unverified,No action — listing unavailable,"The job listing could not be accessed, and the available excerpt was insufficient to verify whether the skill match was correct.",https://himalayas.app/companies/rtx/jobs/analytics-engineer,,,,,
No Skills Detected,himalayas::https://himalayas.app/companies/parsons-corporation/jobs/data-analyst,Himalayas,https://himalayas.app/companies/parsons-corporation/jobs/data-analyst,Data Analyst,Parsons Corporation,Data Analyst,,,,,0,,"In a world of possibilities, pursue one with endless opportunities. Imagine Next!At Parsons, you can imagine a career where you thrive, work with exceptional people, and be yourself. Guided by our leadership vision of valuing people, embracing agility, and fostering growth, we cultivate an innovativ",Unverified,No action — listing unavailable,"The job listing could not be accessed, and the available excerpt was insufficient to verify whether the skill match was correct.",https://himalayas.app/companies/parsons-corporation/jobs/data-analyst,,,,,
No Skills Detected,himalayas::https://himalayas.app/companies/crawford-company/jobs/statistical-claim-data-analyst,Himalayas,https://himalayas.app/companies/crawford-company/jobs/statistical-claim-data-analyst,Statistical & Claim Data Analyst,Crawford & Company,Data Analyst,,,,,0,,"📊 We're Hiring: Remote Statistical & Claim Data Analyst Ready to turn data into meaningful business insights? Join our team as a Remote Statistical & Claim Data Analys t and play a key role in supporting statistical and actuarial initiatives through data analysis, technology solutions, and business ",Unverified,No action — listing unavailable,"The job listing could not be accessed, and the available excerpt was insufficient to verify whether the skill match was correct.",https://himalayas.app/companies/crawford-company/jobs/statistical-claim-data-analyst,,,,,
No Skills Detected,himalayas::https://himalayas.app/companies/cotiviti/jobs/sr-data-scientist,Himalayas,https://himalayas.app/companies/cotiviti/jobs/sr-data-scientist,Sr. Data Scientist,Cotiviti,Data Scientist,,,,,0,,"Overview We are seeking for an Experienced data scientist leading Intelligent Claims Routing models, developing scoring algorithms and prioritization systems to optimize claims workflows. Responsibilities Lead development of Intelligent Claims Routing models. Design complexity scoring engine and opt",Unverified,No action — listing unavailable,"The job listing could not be accessed, and the available excerpt was insufficient to verify whether the skill match was correct.",https://himalayas.app/companies/cotiviti/jobs/sr-data-scientist,,,,,
No Skills Detected,himalayas::https://himalayas.app/companies/nagarro/jobs/senior-engineer-data-analytics,Himalayas,https://himalayas.app/companies/nagarro/jobs/senior-engineer-data-analytics,"Senior Engineer, Data Analytics",Nagarro,Other Analytics,,,,,0,,"You have begun to prove your worth in our industry! How has the experience been so far? We hope it has been rewarding. At Nagarro , we want to take the word “hope” out of that sentence. At Nagarro , if you are ready to take the next step, we are ready to take you to the next level. Want to work with",Unverified,No action — insufficient job-description content,"The available listing contains mostly generic company and culture information and does not provide sufficient role-specific responsibilities or technical requirements. No specific skills can be reliably verified, so the zero-skill extraction cannot be judged as a false negative.",https://himalayas.app/companies/nagarro/jobs/senior-engineer-data-analytics,,,,,
