source_job_id,job_title_raw,manual_decision,correct_role_family,is_target_data_role_override,review_notes
https://himalayas.app/companies/packback/jobs/analytics-engineering,Analytics Engineering,Correct,Analytics Engineer,True,
https://himalayas.app/companies/autodesk/jobs/business-analytics-manager,Business Analytics Manager,Incorrect Role Family,Analytics Engineer,True,"The role primarily designs scalable analytics data products, pipelines, tables, reporting layers, data models, and AI-ready datasets. Although it may have a manager-level title, the responsibilities are mainly hands-on analytics engineering rather than people management."
https://himalayas.app/companies/tebra/jobs/director-analytics-engineering,"Director, Analytics Engineering",Incorrect Role Family,Analytics Engineer,True,"Although this is a director-level management role, its technical function is analytics engineering, including dbt transformations, semantic layers, data modeling, testing, CI/CD, observability, and leadership of analytics engineers."
https://himalayas.app/companies/resident/jobs/business-analytics-director-retail,"Business Analytics Director, Retail",Incorrect Role Family,Analytics Manager,True,"The role is responsible for strategic analytics leadership, executive recommendations, business cases, retail strategy, and cross-functional analytical initiatives rather than individual analyst-level reporting."
https://himalayas.app/companies/anaconda/jobs/director-business-analytics-2481338928,"Director, Business Analytics",Incorrect Role Family,Analytics Manager,True,"Although the role oversees dbt, Snowflake, modeling, pipelines, and data quality, its dominant purpose is leading the analytics function, managing a team, owning data strategy, and supporting executive decision-making."
https://himalayas.app/companies/autodesk/jobs/senior-business-analytics-manager,Senior Business Analytics Manager,Incorrect Role Family,Analytics Manager,True,"Although the role builds pipelines, tables, and analytics products, its primary purpose is leading finance analytics, defining KPI and forecasting frameworks, supporting business decisions, and communicating recommendations to senior leadership."
https://himalayas.app/companies/ut-health-san-antonio/jobs/clin-bus-intellig-analyst-sr,Clin Bus Intellig Analyst-Sr,False Negative,BI Analyst,True,"The role is primarily focused on business intelligence, data analytics, visualization, and data warehouse work within the healthcare domain."
https://himalayas.app/companies/unisys/jobs/digital-intelligence-analyst,Digital Intelligence Analyst,False Negative,BI Analyst,True,"The role focuses on business intelligence, dashboarding, reporting, data quality, and Salesforce Data Cloud capabilities within a digital marketing environment."
https://himalayas.app/companies/evergreen-nephrology/jobs/senior-analyst-reporting-analytics,"Senior Analyst, Reporting & Analytics",Incorrect Role Family,BI Analyst,True,"Although reporting is a major responsibility, the role also includes Power BI dashboard development, business requirements analysis, data validation, metric design, and collaboration with Data Engineering, making BI Analyst the stronger classification."
https://himalayas.app/companies/doordash/jobs/sr-business-intelligence-engineer-8085726481,Sr. Business Intelligence Engineer,False Negative,BI Analyst,True,"Buiseness Analyst job focused on DBT looker,Census, Salesforce. Tags such as senior BI Enginner and Data Infastructure Engineer."
https://himalayas.app/companies/logicalis-com/jobs/data-analyst-power-bi-fabric,Data Analyst (Power BI / Fabric),Incorrect Role Family,BI Developer,True,"The role primarily develops corporate dashboards and semantic models using Power BI, Microsoft Fabric, DAX, and Power Query. Power BI is a technology, while BI Developer is the appropriate role family."
https://himalayas.app/companies/inizio-partners-corp/jobs/power-bi-architect,Power BI Architect,Incorrect Role Family,BI Developer,True,"The role primarily develops corporate dashboards and semantic models using Power BI, Microsoft Fabric, DAX, and Power Query. Power BI is a technology, while BI Developer is the appropriate role family."
https://himalayas.app/companies/kentro/jobs/power-bi-engineer-va-esom,Power BI Engineer (VA ESOM),Incorrect Role Family,BI Developer,True,"The role primarily designs, develops, integrates, governs, and maintains Power BI dashboards, datasets, data models, DAX calculations, and reporting solutions. Power BI is the technology, while BI Developer is the appropriate role family."
https://himalayas.app/companies/collectiv/jobs/senior-power-bi-consultant,Senior Power BI Consultant,Incorrect Role Family,BI Developer,True,"The role primarily designs and implements Power BI data models, dashboards, DAX calculations, SQL integrations, performance improvements, security, and client BI solutions. Power BI is the technology, while BI Developer is the appropriate role family."
https://himalayas.app/companies/navitus-health-solutions/jobs/business-analyst-government-programs-med-d,"Business Analyst, Government Programs, Med-D",Correct,Business Analyst,True,"The role primarily leads supply-chain ERP systems, requirements analysis, process improvement, system implementation, UAT, and stakeholder coordination. SQL, Power BI, dashboards, and reporting are important supporting responsibilities."
https://himalayas.app/companies/draper/jobs/senior-supply-chain-business-analyst,Senior Supply Chain Business Analyst,Correct,Business Analyst,True,"The role primarily leads supply-chain ERP systems, requirements analysis, process improvement, system implementation, UAT, and stakeholder coordination. SQL, Power BI, dashboards, and reporting are important supporting responsibilities."
https://himalayas.app/companies/foundever/jobs/business-insights-enablement-analyst-remote-any-location-gb-988341686,"Business Insights & Enablement Analyst (Remote, Any Location, GB)",False Negative,Data Analyst,True,"Mainly focuses on buiseness analysis, data analysis, reporting, and dashboarding; so it should be classified as a data analyst role."
https://himalayas.app/companies/vistaprint/jobs/business-intelligence-manager-tunis-remote-tunis-tn-1053,"Business Intelligence Manager - Tunis, Remote (Tunis, TN, 1053)",False Negative,Data Analyst,True,"SQL,Excel.Dashbaording,Kpis,Bridges and Data analysis requirements. So it should be classified as a data analyst role."
https://himalayas.app/companies/relx/jobs/content-performance-analyst-2993675640,Content Performance Analyst,False Negative,Data Analyst,True,"Mainly focuses on buiseness analysis, data analysis, reporting, and dashboarding; so it should be classified as a data analyst role."
https://himalayas.app/companies/jway-group-inc/jobs/data-analyst-tableau-power-bi,Data Analyst (Tableau & Power BI),Incorrect Role Family,Data Analyst,True,"Although dashboarding and business intelligence tools are important, the dominant responsibilities are analyzing operational and product-delivery data, measuring Agile performance, handling ad hoc analysis, and communicating actionable insights."
https://himalayas.app/companies/motive/jobs/senior-analyst-strategic-analytics-7955189282,"Senior Analyst, Strategic Analytics",Incorrect Role Family,Data Analyst,True,"Although the position is senior and works directly with executives, its dominant responsibilities are hands-on financial and strategic analysis, SQL querying, scenario modeling, and insight generation rather than people management."
https://himalayas.app/companies/petroapp/jobs/senior-data-analytics-specialist,Senior Data Analytics Specialist,Incorrect Role Family,Data Analyst,True,"Although the role uses BI tools and dbt, its dominant responsibilities are business analysis, KPI design, statistical exploration, trend and funnel analysis, and insight generation rather than building analytics infrastructure."
https://himalayas.app/companies/kobie-marketing/jobs/decision-science-analyst,Decision Science Analyst,False Negative,Data Engineer,True,"Although the title mentions Decision Science, the primary responsibilities involve building data pipelines, cloud infrastructure, data curation, SQL, Python, and leading data engineers. It is therefore a Data Engineering role."
https://himalayas.app/companies/zscaler/jobs/senior-manager-data-engineering-9223390320,"Senior Manager, Data Engineering",False Negative,Data Engineer,True,"The role leads enterprise data-platform architecture, ETL/ELT pipelines, Snowflake and dbt implementation, data mesh capabilities, governance, and a central data engineering team. Senior Manager is the seniority level, while Data Engineer is the correct role family."
https://himalayas.app/companies/mercury-insurance/jobs/sr-mgr-data-engineering,Sr Mgr Data Engineering,False Negative,Data Engineer,True,"The role focuses on Informatica, DBT and Airflow. Tags such as Data Enginnering and Data management imply as a data enginner role,"
https://himalayas.app/companies/bright-data/jobs/business-analyst-managed-services-insights-us-4823848973,Business Analyst - Managed Services & Insights (US),False Positive,Non-target Role,False,"The role is primarily focused on pre-sales consulting, proposal development, Statements of Work, pricing, project scoping, and customer solution design. Data analysis and BI are supporting skills rather than the main function."
https://himalayas.app/companies/leland/jobs/business-analytics-intelligence-coach,Business Analytics & Intelligence Coach,Incorrect Role Family,Other Analytics,True,"Although the role includes pipelines and engineering practices, its dominant responsibilities are dbt transformations, warehouse modeling, data testing, and enabling BI and analytics rather than building core data infrastructure."
